{
    "version": "0.4",
    "title": "Contact Form",
    "type": "section",
    "metadata": {
        "template_type": "section-other",
        "include_in_zip": "1",
        "elementor_pro_required": null,
        "wp_page_template": "elementor_canvas"
    },
    "content": [
        {
            "id": "75f38a8c",
            "settings": {
                "gap": "no",
                "structure": "20",
                "margin": {
                    "unit": "px",
                    "top": "0",
                    "right": 0,
                    "bottom": "20",
                    "left": 0,
                    "isLinked": false
                },
                "margin_tablet": {
                    "unit": "px",
                    "top": "0",
                    "right": 0,
                    "bottom": "13",
                    "left": 0,
                    "isLinked": false
                },
                "margin_mobile": {
                    "unit": "px",
                    "top": "0",
                    "right": 0,
                    "bottom": "12",
                    "left": 0,
                    "isLinked": false
                }
            },
            "elements": [
                {
                    "id": "61cd65ff",
                    "settings": {
                        "_column_size": 50,
                        "_inline_size": null,
                        "margin": {
                            "unit": "px",
                            "top": "0",
                            "right": "10",
                            "bottom": "0",
                            "left": "0",
                            "isLinked": false
                        },
                        "padding": {
                            "unit": "px",
                            "top": "0",
                            "right": "0",
                            "bottom": "0",
                            "left": "0",
                            "isLinked": false
                        },
                        "margin_tablet": {
                            "unit": "px",
                            "top": "0",
                            "right": "5",
                            "bottom": "0",
                            "left": "0",
                            "isLinked": false
                        },
                        "margin_mobile": {
                            "unit": "px",
                            "top": "0",
                            "right": "0",
                            "bottom": "12",
                            "left": "0",
                            "isLinked": false
                        }
                    },
                    "elements": [
                        {
                            "id": "5ac6a3be",
                            "settings": {
                                "mf_input_label_status": "",
                                "mf_input_label": "First Name (Listing)",
                                "mf_input_placeholder": "Your Name",
                                "mf_input_validation_warning_message": "This field is required.",
                                "mf_input_padding": {
                                    "unit": "px",
                                    "top": "15",
                                    "right": "13",
                                    "bottom": "15",
                                    "left": "26",
                                    "isLinked": false
                                },
                                "mf_input_margin": {
                                    "unit": "px",
                                    "top": "0",
                                    "right": "0",
                                    "bottom": "0",
                                    "left": "0",
                                    "isLinked": false
                                },
                                "mf_input_background_background": "classic",
                                "mf_input_border_border": "solid",
                                "mf_input_border_width": {
                                    "unit": "px",
                                    "top": "1",
                                    "right": "1",
                                    "bottom": "1",
                                    "left": "1",
                                    "isLinked": true
                                },
                                "mf_input_box_shadow_box_shadow": {
                                    "horizontal": 0,
                                    "vertical": 0,
                                    "blur": 44,
                                    "spread": 0,
                                    "color": "rgba(201, 219.99999999999997, 255, 0.17)"
                                },
                                "__globals__": {
                                    "mf_input_color": "globals\/colors?id=primary",
                                    "mf_input_background_color": "globals\/colors?id=543a79f",
                                    "mf_input_typgraphy_typography": "globals\/typography?id=dba2004",
                                    "mf_input_placeholder_color": "globals\/colors?id=text",
                                    "mf_input_place_holder_typography_typography": "globals\/typography?id=dba2004",
                                    "mf_input_border_color": "globals\/colors?id=a8fcb71"
                                },
                                "mf_input_border_radius": {
                                    "unit": "px",
                                    "size": 29,
                                    "sizes": []
                                },
                                "mf_input_padding_tablet": {
                                    "unit": "px",
                                    "top": "10",
                                    "right": "10",
                                    "bottom": "10",
                                    "left": "20",
                                    "isLinked": false
                                }
                            },
                            "elements": [],
                            "isInner": false,
                            "widgetType": "mf-listing-fname",
                            "elType": "widget"
                        }
                    ],
                    "isInner": false,
                    "elType": "column"
                },
                {
                    "id": "16e63da7",
                    "settings": {
                        "_column_size": 50,
                        "_inline_size": null,
                        "margin": {
                            "unit": "px",
                            "top": "0",
                            "right": "0",
                            "bottom": "0",
                            "left": "10",
                            "isLinked": false
                        },
                        "padding": {
                            "unit": "px",
                            "top": "0",
                            "right": "0",
                            "bottom": "0",
                            "left": "0",
                            "isLinked": false
                        },
                        "margin_tablet": {
                            "unit": "px",
                            "top": "0",
                            "right": "0",
                            "bottom": "0",
                            "left": "5",
                            "isLinked": false
                        },
                        "margin_mobile": {
                            "unit": "px",
                            "top": "0",
                            "right": "0",
                            "bottom": "0",
                            "left": "0",
                            "isLinked": false
                        }
                    },
                    "elements": [
                        {
                            "id": "1538d774",
                            "settings": {
                                "mf_input_label_status": "",
                                "mf_input_label": "Number",
                                "mf_input_name": "mf-number",
                                "mf_input_placeholder": "Your Phone",
                                "mf_input_validation_warning_message": "This field is required.",
                                "mf_input_padding": {
                                    "unit": "px",
                                    "top": "15",
                                    "right": "13",
                                    "bottom": "15",
                                    "left": "26",
                                    "isLinked": false
                                },
                                "mf_input_margin": {
                                    "unit": "px",
                                    "top": "0",
                                    "right": "0",
                                    "bottom": "0",
                                    "left": "0",
                                    "isLinked": false
                                },
                                "mf_input_background_background": "classic",
                                "mf_input_border_border": "solid",
                                "mf_input_border_width": {
                                    "unit": "px",
                                    "top": "1",
                                    "right": "1",
                                    "bottom": "1",
                                    "left": "1",
                                    "isLinked": true
                                },
                                "mf_input_box_shadow_box_shadow": {
                                    "horizontal": 0,
                                    "vertical": 0,
                                    "blur": 44,
                                    "spread": 0,
                                    "color": "rgba(201, 219.99999999999997, 255, 0.17)"
                                },
                                "__globals__": {
                                    "mf_input_color": "globals\/colors?id=primary",
                                    "mf_input_background_color": "globals\/colors?id=543a79f",
                                    "mf_input_typgraphy_typography": "globals\/typography?id=dba2004",
                                    "mf_input_placeholder_color": "globals\/colors?id=text",
                                    "mf_input_place_holder_typography_typography": "globals\/typography?id=dba2004",
                                    "mf_input_border_color": "globals\/colors?id=a8fcb71"
                                },
                                "mf_input_border_radius": {
                                    "unit": "px",
                                    "size": 29,
                                    "sizes": []
                                },
                                "mf_input_padding_tablet": {
                                    "unit": "px",
                                    "top": "10",
                                    "right": "10",
                                    "bottom": "10",
                                    "left": "20",
                                    "isLinked": false
                                }
                            },
                            "elements": [],
                            "isInner": false,
                            "widgetType": "mf-number",
                            "elType": "widget"
                        }
                    ],
                    "isInner": false,
                    "elType": "column"
                }
            ],
            "isInner": false,
            "elType": "section"
        },
        {
            "id": "5e5d6c6a",
            "settings": {
                "gap": "no",
                "structure": "20",
                "margin": {
                    "unit": "px",
                    "top": "0",
                    "right": 0,
                    "bottom": "20",
                    "left": 0,
                    "isLinked": false
                },
                "margin_tablet": {
                    "unit": "px",
                    "top": "0",
                    "right": 0,
                    "bottom": "13",
                    "left": 0,
                    "isLinked": false
                },
                "margin_mobile": {
                    "unit": "px",
                    "top": "0",
                    "right": 0,
                    "bottom": "12",
                    "left": 0,
                    "isLinked": false
                }
            },
            "elements": [
                {
                    "id": "73792153",
                    "settings": {
                        "_column_size": 50,
                        "_inline_size": null,
                        "margin": {
                            "unit": "px",
                            "top": "0",
                            "right": "10",
                            "bottom": "0",
                            "left": "0",
                            "isLinked": false
                        },
                        "padding": {
                            "unit": "px",
                            "top": "0",
                            "right": "0",
                            "bottom": "0",
                            "left": "0",
                            "isLinked": false
                        },
                        "margin_tablet": {
                            "unit": "px",
                            "top": "0",
                            "right": "5",
                            "bottom": "0",
                            "left": "0",
                            "isLinked": false
                        },
                        "margin_mobile": {
                            "unit": "px",
                            "top": "0",
                            "right": "0",
                            "bottom": "12",
                            "left": "0",
                            "isLinked": false
                        }
                    },
                    "elements": [
                        {
                            "id": "110b79e1",
                            "settings": {
                                "mf_input_label_status": "",
                                "mf_input_label": "Email",
                                "mf_input_name": "mf-email",
                                "mf_input_placeholder": "Email",
                                "mf_input_validation_warning_message": "This field is required.",
                                "mf_input_padding": {
                                    "unit": "px",
                                    "top": "15",
                                    "right": "13",
                                    "bottom": "15",
                                    "left": "26",
                                    "isLinked": false
                                },
                                "mf_input_margin": {
                                    "unit": "px",
                                    "top": "0",
                                    "right": "0",
                                    "bottom": "0",
                                    "left": "0",
                                    "isLinked": false
                                },
                                "mf_input_background_background": "classic",
                                "mf_input_border_border": "solid",
                                "mf_input_border_width": {
                                    "unit": "px",
                                    "top": "1",
                                    "right": "1",
                                    "bottom": "1",
                                    "left": "1",
                                    "isLinked": true
                                },
                                "mf_input_border_radius": {
                                    "unit": "px",
                                    "size": 29,
                                    "sizes": []
                                },
                                "mf_input_box_shadow_box_shadow": {
                                    "horizontal": 0,
                                    "vertical": 0,
                                    "blur": 44,
                                    "spread": 0,
                                    "color": "rgba(201, 219.99999999999997, 255, 0.17)"
                                },
                                "__globals__": {
                                    "mf_input_color": "globals\/colors?id=primary",
                                    "mf_input_background_color": "globals\/colors?id=543a79f",
                                    "mf_input_typgraphy_typography": "globals\/typography?id=dba2004",
                                    "mf_input_placeholder_color": "globals\/colors?id=text",
                                    "mf_input_place_holder_typography_typography": "globals\/typography?id=dba2004",
                                    "mf_input_border_color": "globals\/colors?id=a8fcb71"
                                },
                                "mf_input_padding_tablet": {
                                    "unit": "px",
                                    "top": "10",
                                    "right": "10",
                                    "bottom": "10",
                                    "left": "20",
                                    "isLinked": false
                                }
                            },
                            "elements": [],
                            "isInner": false,
                            "widgetType": "mf-email",
                            "elType": "widget"
                        }
                    ],
                    "isInner": false,
                    "elType": "column"
                },
                {
                    "id": "9bd92ce",
                    "settings": {
                        "_column_size": 50,
                        "_inline_size": null,
                        "margin": {
                            "unit": "px",
                            "top": "0",
                            "right": "0",
                            "bottom": "0",
                            "left": "10",
                            "isLinked": false
                        },
                        "padding": {
                            "unit": "px",
                            "top": "0",
                            "right": "0",
                            "bottom": "0",
                            "left": "0",
                            "isLinked": false
                        },
                        "margin_tablet": {
                            "unit": "px",
                            "top": "0",
                            "right": "0",
                            "bottom": "0",
                            "left": "5",
                            "isLinked": false
                        },
                        "margin_mobile": {
                            "unit": "px",
                            "top": "0",
                            "right": "0",
                            "bottom": "0",
                            "left": "0",
                            "isLinked": false
                        }
                    },
                    "elements": [
                        {
                            "id": "20100a4d",
                            "settings": {
                                "mf_input_label_status": "",
                                "mf_input_label": "Text",
                                "mf_input_name": "mf-text",
                                "mf_input_placeholder": "Subject",
                                "mf_input_validation_warning_message": "This field is required.",
                                "mf_input_padding": {
                                    "unit": "px",
                                    "top": "15",
                                    "right": "13",
                                    "bottom": "15",
                                    "left": "26",
                                    "isLinked": false
                                },
                                "mf_input_margin": {
                                    "unit": "px",
                                    "top": "0",
                                    "right": "0",
                                    "bottom": "0",
                                    "left": "0",
                                    "isLinked": false
                                },
                                "mf_input_background_background": "classic",
                                "mf_input_border_border": "solid",
                                "mf_input_border_width": {
                                    "unit": "px",
                                    "top": "1",
                                    "right": "1",
                                    "bottom": "1",
                                    "left": "1",
                                    "isLinked": true
                                },
                                "mf_input_border_radius": {
                                    "unit": "px",
                                    "size": 29,
                                    "sizes": []
                                },
                                "mf_input_box_shadow_box_shadow": {
                                    "horizontal": 0,
                                    "vertical": 0,
                                    "blur": 44,
                                    "spread": 0,
                                    "color": "rgba(201, 219.99999999999997, 255, 0.17)"
                                },
                                "__globals__": {
                                    "mf_input_color": "globals\/colors?id=primary",
                                    "mf_input_background_color": "globals\/colors?id=543a79f",
                                    "mf_input_typgraphy_typography": "globals\/typography?id=dba2004",
                                    "mf_input_placeholder_color": "globals\/colors?id=text",
                                    "mf_input_place_holder_typography_typography": "globals\/typography?id=dba2004",
                                    "mf_input_border_color": "globals\/colors?id=a8fcb71"
                                },
                                "mf_input_padding_tablet": {
                                    "unit": "px",
                                    "top": "10",
                                    "right": "10",
                                    "bottom": "10",
                                    "left": "20",
                                    "isLinked": false
                                }
                            },
                            "elements": [],
                            "isInner": false,
                            "widgetType": "mf-text",
                            "elType": "widget"
                        }
                    ],
                    "isInner": false,
                    "elType": "column"
                }
            ],
            "isInner": false,
            "elType": "section"
        },
        {
            "id": "6e1e6ed1",
            "settings": {
                "gap": "no"
            },
            "elements": [
                {
                    "id": "1595708c",
                    "settings": {
                        "_column_size": 100,
                        "_inline_size": null,
                        "margin": {
                            "unit": "px",
                            "top": "0",
                            "right": "0",
                            "bottom": "0",
                            "left": "0",
                            "isLinked": false
                        },
                        "padding": {
                            "unit": "px",
                            "top": "0",
                            "right": "0",
                            "bottom": "0",
                            "left": "0",
                            "isLinked": false
                        }
                    },
                    "elements": [
                        {
                            "id": "fac6de4",
                            "settings": {
                                "mf_input_label_status": "",
                                "mf_input_label": "Textarea",
                                "mf_input_name": "mf-textarea",
                                "mf_input_placeholder": "Message",
                                "mf_input_validation_warning_message": "This field is required.",
                                "mf_input_padding": {
                                    "unit": "px",
                                    "top": "15",
                                    "right": "13",
                                    "bottom": "15",
                                    "left": "26",
                                    "isLinked": false
                                },
                                "mf_input_margin": {
                                    "unit": "px",
                                    "top": "0",
                                    "right": "0",
                                    "bottom": "16",
                                    "left": "0",
                                    "isLinked": false
                                },
                                "mf_input_background_background": "classic",
                                "mf_input_border_border": "solid",
                                "mf_input_border_width": {
                                    "unit": "px",
                                    "top": "1",
                                    "right": "1",
                                    "bottom": "1",
                                    "left": "1",
                                    "isLinked": true
                                },
                                "mf_input_box_shadow_box_shadow": {
                                    "horizontal": 0,
                                    "vertical": 0,
                                    "blur": 44,
                                    "spread": 0,
                                    "color": "rgba(201, 219.99999999999997, 255, 0.17)"
                                },
                                "__globals__": {
                                    "mf_input_color": "globals\/colors?id=primary",
                                    "mf_input_background_color": "globals\/colors?id=543a79f",
                                    "mf_input_typgraphy_typography": "globals\/typography?id=dba2004",
                                    "mf_input_placeholder_color": "globals\/colors?id=text",
                                    "mf_input_place_holder_typography_typography": "globals\/typography?id=dba2004",
                                    "mf_input_border_color": "globals\/colors?id=a8fcb71"
                                },
                                "mf_input_border_radius": {
                                    "unit": "px",
                                    "size": 29,
                                    "sizes": []
                                },
                                "mf_input_padding_tablet": {
                                    "unit": "px",
                                    "top": "10",
                                    "right": "10",
                                    "bottom": "10",
                                    "left": "20",
                                    "isLinked": false
                                },
                                "mf_input_margin_tablet": {
                                    "unit": "px",
                                    "top": "0",
                                    "right": "0",
                                    "bottom": "0",
                                    "left": "0",
                                    "isLinked": false
                                },
                                "mf_input_margin_mobile": {
                                    "unit": "px",
                                    "top": "0",
                                    "right": "0",
                                    "bottom": "-4",
                                    "left": "0",
                                    "isLinked": false
                                }
                            },
                            "elements": [],
                            "isInner": false,
                            "widgetType": "mf-textarea",
                            "elType": "widget"
                        },
                        {
                            "id": "7b2928d",
                            "settings": {
                                "mf_btn_text": "Send Now",
                                "mf_hidden_input": [],
                                "mf_btn_text_padding": {
                                    "unit": "px",
                                    "top": "17",
                                    "right": "48",
                                    "bottom": "17",
                                    "left": "48",
                                    "isLinked": false
                                },
                                "mf_btn_bg_color_background": "classic",
                                "mf_btn_border_radius": {
                                    "unit": "px",
                                    "top": "26.5",
                                    "right": "26.5",
                                    "bottom": "26.5",
                                    "left": "26.5",
                                    "isLinked": true
                                },
                                "mf_btn_box_shadow_group_box_shadow_type": "yes",
                                "mf_btn_box_shadow_group_box_shadow": {
                                    "horizontal": 0,
                                    "vertical": 0,
                                    "blur": 0,
                                    "spread": 0,
                                    "color": "rgba(0,0,0,0.5)"
                                },
                                "__globals__": {
                                    "mf_btn_bg_color_color": "globals\/colors?id=accent",
                                    "mf_btn_typography_typography": "globals\/typography?id=accent",
                                    "mf_btn_bg_hover_color_color": "globals\/colors?id=secondary"
                                },
                                "mf_btn_text_padding_tablet": {
                                    "unit": "px",
                                    "top": "15",
                                    "right": "42",
                                    "bottom": "15",
                                    "left": "42",
                                    "isLinked": false
                                },
                                "mf_btn_bg_hover_color_background": "classic"
                            },
                            "elements": [],
                            "isInner": false,
                            "widgetType": "mf-button",
                            "elType": "widget"
                        }
                    ],
                    "isInner": false,
                    "elType": "column"
                }
            ],
            "isInner": false,
            "elType": "section"
        }
    ],
    "page_settings": {
        "hide_title": "yes",
        "template": "elementor_canvas"
    }
}