{
    "version": "0.4",
    "title": "Contact",
    "type": "page",
    "metadata": {
        "template_type": "single-page",
        "include_in_zip": "1",
        "elementor_pro_required": null,
        "wp_page_template": "elementor_header_footer"
    },
    "content": [
        {
            "id": "a6f2692",
            "settings": {
                "gap": "no",
                "height": "min-height",
                "custom_height": {
                    "unit": "vh",
                    "size": 50,
                    "sizes": []
                },
                "custom_height_tablet": {
                    "unit": "vh",
                    "size": 58,
                    "sizes": []
                },
                "custom_height_mobile": {
                    "unit": "vh",
                    "size": 47,
                    "sizes": []
                },
                "background_background": "classic",
                "background_image": {
                    "id": 26,
                    "url": "https:\/\/elementorpress.com\/templatekit-pro\/layout52\/wp-content\/uploads\/2022\/08\/hero-banner-background.jpg",
                    "alt": "",
                    "source": "library"
                },
                "background_repeat": "repeat",
                "margin": {
                    "unit": "px",
                    "top": "0",
                    "right": 0,
                    "bottom": "0",
                    "left": 0,
                    "isLinked": false
                },
                "padding": {
                    "unit": "px",
                    "top": "0",
                    "right": "0",
                    "bottom": "0",
                    "left": "0",
                    "isLinked": false
                },
                "layout": "full_width",
                "margin_tablet": {
                    "unit": "px",
                    "top": "-140",
                    "right": 0,
                    "bottom": "0",
                    "left": 0,
                    "isLinked": false
                },
                "margin_mobile": {
                    "unit": "px",
                    "top": "0",
                    "right": 0,
                    "bottom": "0",
                    "left": 0,
                    "isLinked": false
                },
                "background_position_tablet": "bottom left",
                "background_position_mobile": "bottom left",
                "padding_tablet": {
                    "unit": "px",
                    "top": "0",
                    "right": "0",
                    "bottom": "0",
                    "left": "0",
                    "isLinked": false
                },
                "background_position": "center center",
                "background_size": "cover",
                "background_overlay_background": "classic",
                "background_overlay_opacity": {
                    "unit": "px",
                    "size": 0.90000000000000002220446049250313080847263336181640625,
                    "sizes": []
                },
                "padding_mobile": {
                    "unit": "px",
                    "top": "80",
                    "right": "0",
                    "bottom": "0",
                    "left": "0",
                    "isLinked": false
                },
                "__globals__": {
                    "background_overlay_color": "globals\/colors?id=44cb095"
                }
            },
            "elements": [
                {
                    "id": "2da1424b",
                    "settings": {
                        "_column_size": 100,
                        "_inline_size": null,
                        "margin": {
                            "unit": "px",
                            "top": "80",
                            "right": "0",
                            "bottom": "0",
                            "left": "0",
                            "isLinked": false
                        },
                        "margin_tablet": {
                            "unit": "px",
                            "top": "0",
                            "right": "0",
                            "bottom": "0",
                            "left": "0",
                            "isLinked": false
                        },
                        "margin_mobile": {
                            "unit": "px",
                            "top": "0",
                            "right": "0",
                            "bottom": "0",
                            "left": "0",
                            "isLinked": false
                        },
                        "padding_tablet": {
                            "unit": "px",
                            "top": "110",
                            "right": "0",
                            "bottom": "0",
                            "left": "0",
                            "isLinked": false
                        },
                        "padding_mobile": {
                            "unit": "px",
                            "top": "0",
                            "right": "0",
                            "bottom": "0",
                            "left": "0",
                            "isLinked": false
                        },
                        "align": "center",
                        "background_background": "classic"
                    },
                    "elements": [
                        {
                            "id": "5fa1cd22",
                            "settings": {
                                "title": "Contact",
                                "align": "center",
                                "__globals__": {
                                    "title_color": "globals\/colors?id=primary",
                                    "typography_typography": ""
                                },
                                "_margin_tablet": {
                                    "unit": "px",
                                    "top": "0",
                                    "right": "0",
                                    "bottom": "0",
                                    "left": "0",
                                    "isLinked": false
                                },
                                "_margin_mobile": {
                                    "unit": "px",
                                    "top": "0",
                                    "right": "0",
                                    "bottom": "-5",
                                    "left": "0",
                                    "isLinked": false
                                },
                                "title_color": "#2B3546",
                                "typography_typography": "custom",
                                "typography_font_family": "Roboto",
                                "typography_font_size": {
                                    "unit": "px",
                                    "size": 62,
                                    "sizes": []
                                },
                                "typography_font_size_tablet": {
                                    "unit": "px",
                                    "size": 46,
                                    "sizes": []
                                },
                                "typography_font_size_mobile": {
                                    "unit": "px",
                                    "size": 34,
                                    "sizes": []
                                },
                                "typography_font_weight": "bold",
                                "typography_line_height": {
                                    "unit": "em",
                                    "size": 1.100000000000000088817841970012523233890533447265625,
                                    "sizes": []
                                },
                                "typography_line_height_tablet": {
                                    "unit": "em",
                                    "size": 1.100000000000000088817841970012523233890533447265625,
                                    "sizes": []
                                },
                                "typography_word_spacing": {
                                    "unit": "em",
                                    "size": "",
                                    "sizes": []
                                }
                            },
                            "elements": [],
                            "isInner": false,
                            "widgetType": "heading",
                            "elType": "widget"
                        },
                        {
                            "id": "70a5421d",
                            "settings": {
                                "view": "inline",
                                "icon_list": [
                                    {
                                        "text": "Home \/ ",
                                        "selected_icon": {
                                            "value": "",
                                            "library": ""
                                        },
                                        "_id": "cdacfdf",
                                        "link": {
                                            "url": "=",
                                            "is_external": "",
                                            "nofollow": "",
                                            "custom_attributes": ""
                                        }
                                    },
                                    {
                                        "text": "Contact",
                                        "selected_icon": {
                                            "value": "",
                                            "library": ""
                                        },
                                        "link": {
                                            "url": "#",
                                            "is_external": "",
                                            "nofollow": "",
                                            "custom_attributes": ""
                                        },
                                        "_id": "96e64c5"
                                    }
                                ],
                                "icon_align": "center",
                                "divider_weight": {
                                    "unit": "px",
                                    "size": 20,
                                    "sizes": []
                                },
                                "__globals__": {
                                    "text_color_hover": "globals\/colors?id=c9486ac",
                                    "icon_typography_typography": "globals\/typography?id=dba2004",
                                    "text_color": "globals\/colors?id=c9486ac",
                                    "_background_color": "globals\/colors?id=secondary",
                                    "icon_color": ""
                                },
                                "_element_width": "auto",
                                "space_between": {
                                    "unit": "px",
                                    "size": 3,
                                    "sizes": []
                                },
                                "text_indent": {
                                    "unit": "px",
                                    "size": 1,
                                    "sizes": []
                                },
                                "_padding": {
                                    "unit": "px",
                                    "top": "12",
                                    "right": "35",
                                    "bottom": "12",
                                    "left": "35",
                                    "isLinked": false
                                },
                                "_padding_tablet": {
                                    "unit": "px",
                                    "top": "11",
                                    "right": "30",
                                    "bottom": "11",
                                    "left": "30",
                                    "isLinked": false
                                },
                                "_padding_mobile": {
                                    "unit": "px",
                                    "top": "10",
                                    "right": "27",
                                    "bottom": "9",
                                    "left": "26",
                                    "isLinked": false
                                },
                                "_background_background": "classic",
                                "_border_radius": {
                                    "unit": "px",
                                    "top": "29",
                                    "right": "29",
                                    "bottom": "29",
                                    "left": "29",
                                    "isLinked": true
                                }
                            },
                            "elements": [],
                            "isInner": false,
                            "widgetType": "icon-list",
                            "elType": "widget"
                        }
                    ],
                    "isInner": false,
                    "elType": "column"
                }
            ],
            "isInner": false,
            "elType": "section"
        },
        {
            "id": "38b444cc",
            "settings": {
                "background_background": "classic",
                "margin": {
                    "unit": "px",
                    "top": "0",
                    "right": 0,
                    "bottom": "0",
                    "left": 0,
                    "isLinked": false
                },
                "padding": {
                    "unit": "px",
                    "top": "155",
                    "right": "0",
                    "bottom": "120",
                    "left": "0",
                    "isLinked": false
                },
                "padding_tablet": {
                    "unit": "px",
                    "top": "80",
                    "right": "20",
                    "bottom": "80",
                    "left": "20",
                    "isLinked": false
                },
                "padding_mobile": {
                    "unit": "px",
                    "top": "50",
                    "right": "15",
                    "bottom": "50",
                    "left": "15",
                    "isLinked": false
                },
                "__globals__": {
                    "background_color": "globals\/colors?id=c9486ac"
                }
            },
            "elements": [
                {
                    "id": "26ae1147",
                    "settings": {
                        "_column_size": 100,
                        "_inline_size": null,
                        "margin": {
                            "unit": "px",
                            "top": "0",
                            "right": "0",
                            "bottom": "0",
                            "left": "0",
                            "isLinked": false
                        },
                        "padding": {
                            "unit": "px",
                            "top": "0",
                            "right": "0",
                            "bottom": "0",
                            "left": "0",
                            "isLinked": false
                        }
                    },
                    "elements": [
                        {
                            "id": "21fbd022",
                            "settings": {
                                "image": {
                                    "url": "https:\/\/elementorpress.com\/templatekit-pro\/layout52\/wp-content\/uploads\/2022\/08\/ellipse-blue.png",
                                    "id": 640,
                                    "alt": "",
                                    "source": "library"
                                },
                                "image_size": "full",
                                "space_tablet": {
                                    "unit": "%",
                                    "size": 87,
                                    "sizes": []
                                },
                                "_element_width": "auto",
                                "_position": "absolute",
                                "_offset_x": {
                                    "unit": "%",
                                    "size": -3,
                                    "sizes": []
                                },
                                "_offset_x_tablet": {
                                    "unit": "%",
                                    "size": "",
                                    "sizes": []
                                },
                                "_offset_x_mobile": {
                                    "unit": "%",
                                    "size": "",
                                    "sizes": []
                                },
                                "_offset_x_end": {
                                    "unit": "%",
                                    "size": -6,
                                    "sizes": []
                                },
                                "_offset_x_end_tablet": {
                                    "unit": "%",
                                    "size": -5,
                                    "sizes": []
                                },
                                "_offset_x_end_mobile": {
                                    "unit": "%",
                                    "size": "",
                                    "sizes": []
                                },
                                "_offset_y": {
                                    "unit": "%",
                                    "size": -6.5,
                                    "sizes": []
                                },
                                "_offset_y_tablet": {
                                    "unit": "%",
                                    "size": 0,
                                    "sizes": []
                                },
                                "_offset_y_mobile": {
                                    "unit": "%",
                                    "size": "",
                                    "sizes": []
                                },
                                "_z_index": 0,
                                "_transform_rotateZ_effect_hover": {
                                    "unit": "px",
                                    "size": 360,
                                    "sizes": []
                                },
                                "_transform_scale_popover_hover": "transform",
                                "_transform_scale_effect_hover": {
                                    "unit": "px",
                                    "size": 1.100000000000000088817841970012523233890533447265625,
                                    "sizes": []
                                },
                                "hide_tablet": "hidden-tablet",
                                "hide_mobile": "hidden-mobile",
                                "_animation": "fadeInLeft",
                                "pa_condition_repeater": []
                            },
                            "elements": [],
                            "isInner": false,
                            "widgetType": "image",
                            "elType": "widget"
                        },
                        {
                            "id": "4c7337e2",
                            "settings": {
                                "image": {
                                    "url": "https:\/\/elementorpress.com\/templatekit-pro\/layout52\/wp-content\/uploads\/2022\/08\/design-element.png",
                                    "id": 210,
                                    "alt": "",
                                    "source": "library"
                                },
                                "image_size": "full",
                                "_element_width": "auto",
                                "_position": "absolute",
                                "_offset_x": {
                                    "unit": "%",
                                    "size": -8,
                                    "sizes": []
                                },
                                "_offset_x_tablet": {
                                    "unit": "%",
                                    "size": "",
                                    "sizes": []
                                },
                                "_offset_x_mobile": {
                                    "unit": "%",
                                    "size": "",
                                    "sizes": []
                                },
                                "_offset_x_end": {
                                    "unit": "%",
                                    "size": -15.5,
                                    "sizes": []
                                },
                                "_offset_x_end_tablet": {
                                    "unit": "%",
                                    "size": "",
                                    "sizes": []
                                },
                                "_offset_x_end_mobile": {
                                    "unit": "%",
                                    "size": "",
                                    "sizes": []
                                },
                                "_offset_y": {
                                    "unit": "%",
                                    "size": -3,
                                    "sizes": []
                                },
                                "_offset_y_tablet": {
                                    "unit": "%",
                                    "size": "",
                                    "sizes": []
                                },
                                "_offset_y_mobile": {
                                    "unit": "%",
                                    "size": "",
                                    "sizes": []
                                },
                                "_transform_skew_popover_hover": "transform",
                                "_transform_skewX_effect_hover": {
                                    "unit": "px",
                                    "size": 5,
                                    "sizes": []
                                },
                                "hide_tablet": "hidden-tablet",
                                "hide_mobile": "hidden-mobile",
                                "_animation": "fadeInLeft",
                                "_offset_y_end": {
                                    "unit": "px",
                                    "size": -7,
                                    "sizes": []
                                },
                                "pa_condition_repeater": []
                            },
                            "elements": [],
                            "isInner": false,
                            "widgetType": "image",
                            "elType": "widget"
                        },
                        {
                            "id": "5b33a52b",
                            "settings": {
                                "gap": "no",
                                "structure": "20",
                                "margin_tablet": {
                                    "unit": "px",
                                    "top": "0",
                                    "right": 0,
                                    "bottom": "0",
                                    "left": 0,
                                    "isLinked": false
                                },
                                "padding_tablet": {
                                    "unit": "px",
                                    "top": "0",
                                    "right": "0",
                                    "bottom": "0",
                                    "left": "0",
                                    "isLinked": false
                                },
                                "pa_condition_repeater": [],
                                "overflow": "hidden"
                            },
                            "elements": [
                                {
                                    "id": "62ad0ab4",
                                    "settings": {
                                        "_column_size": 50,
                                        "_inline_size": null,
                                        "margin": {
                                            "unit": "px",
                                            "top": "0",
                                            "right": "0",
                                            "bottom": "0",
                                            "left": "15",
                                            "isLinked": false
                                        },
                                        "padding": {
                                            "unit": "px",
                                            "top": "0",
                                            "right": "0",
                                            "bottom": "0",
                                            "left": "0",
                                            "isLinked": true
                                        },
                                        "_inline_size_tablet": 50,
                                        "margin_tablet": {
                                            "unit": "px",
                                            "top": "0",
                                            "right": "20",
                                            "bottom": "0",
                                            "left": "0",
                                            "isLinked": false
                                        },
                                        "margin_mobile": {
                                            "unit": "px",
                                            "top": "0",
                                            "right": "0",
                                            "bottom": "20",
                                            "left": "0",
                                            "isLinked": false
                                        },
                                        "pa_condition_repeater": []
                                    },
                                    "elements": [
                                        {
                                            "id": "77463ac5",
                                            "settings": {
                                                "image": {
                                                    "url": "https:\/\/elementorpress.com\/templatekit-pro\/layout52\/wp-content\/uploads\/2022\/08\/about-us-image.jpg",
                                                    "id": 630,
                                                    "alt": "",
                                                    "source": "library"
                                                },
                                                "image_size": "full",
                                                "image_border_radius": {
                                                    "unit": "px",
                                                    "top": "0",
                                                    "right": "150",
                                                    "bottom": "150",
                                                    "left": "150",
                                                    "isLinked": false
                                                },
                                                "_z_index": 1,
                                                "_animation": "fadeInLeft",
                                                "image_border_radius_tablet": {
                                                    "unit": "px",
                                                    "top": "0",
                                                    "right": "80",
                                                    "bottom": "80",
                                                    "left": "80",
                                                    "isLinked": false
                                                },
                                                "image_border_radius_mobile": {
                                                    "unit": "px",
                                                    "top": "0",
                                                    "right": "50",
                                                    "bottom": "50",
                                                    "left": "50",
                                                    "isLinked": false
                                                },
                                                "pa_condition_repeater": []
                                            },
                                            "elements": [],
                                            "isInner": false,
                                            "widgetType": "image",
                                            "elType": "widget"
                                        }
                                    ],
                                    "isInner": true,
                                    "elType": "column"
                                },
                                {
                                    "id": "2f59c702",
                                    "settings": {
                                        "_column_size": 50,
                                        "_inline_size": null,
                                        "margin": {
                                            "unit": "px",
                                            "top": "0",
                                            "right": "15",
                                            "bottom": "0",
                                            "left": "50",
                                            "isLinked": false
                                        },
                                        "padding": {
                                            "unit": "px",
                                            "top": "0",
                                            "right": "0",
                                            "bottom": "0",
                                            "left": "0",
                                            "isLinked": false
                                        },
                                        "_inline_size_tablet": 50,
                                        "margin_tablet": {
                                            "unit": "px",
                                            "top": "0",
                                            "right": "5",
                                            "bottom": "0",
                                            "left": "9",
                                            "isLinked": false
                                        },
                                        "padding_tablet": {
                                            "unit": "px",
                                            "top": "0",
                                            "right": "0",
                                            "bottom": "0",
                                            "left": "0",
                                            "isLinked": false
                                        },
                                        "margin_mobile": {
                                            "unit": "px",
                                            "top": "0",
                                            "right": "0",
                                            "bottom": "0",
                                            "left": "0",
                                            "isLinked": false
                                        },
                                        "pa_condition_repeater": [],
                                        "padding_mobile": {
                                            "unit": "px",
                                            "top": "0",
                                            "right": "0",
                                            "bottom": "0",
                                            "left": "0",
                                            "isLinked": false
                                        }
                                    },
                                    "elements": [
                                        {
                                            "id": "5e05e54a",
                                            "settings": {
                                                "title": "Get In Touch",
                                                "header_size": "h4",
                                                "title_color": "#0042CC",
                                                "__globals__": {
                                                    "typography_typography": "globals\/typography?id=3d8ec0e",
                                                    "title_color": "globals\/colors?id=secondary"
                                                },
                                                "_margin": {
                                                    "unit": "px",
                                                    "top": "0",
                                                    "right": "0",
                                                    "bottom": "-10",
                                                    "left": "0",
                                                    "isLinked": false
                                                },
                                                "align_mobile": "center",
                                                "_margin_mobile": {
                                                    "unit": "px",
                                                    "top": "0",
                                                    "right": "0",
                                                    "bottom": "-12",
                                                    "left": "0",
                                                    "isLinked": false
                                                },
                                                "align": "left",
                                                "_margin_tablet": {
                                                    "unit": "px",
                                                    "top": "0",
                                                    "right": "0",
                                                    "bottom": "-12",
                                                    "left": "0",
                                                    "isLinked": false
                                                },
                                                "pa_condition_repeater": []
                                            },
                                            "elements": [],
                                            "isInner": false,
                                            "widgetType": "heading",
                                            "elType": "widget"
                                        },
                                        {
                                            "id": "178112c7",
                                            "settings": {
                                                "title": "Send us a Message",
                                                "title_color": "#0042CC",
                                                "__globals__": {
                                                    "typography_typography": "globals\/typography?id=ad287da",
                                                    "title_color": "globals\/colors?id=primary"
                                                },
                                                "_margin": {
                                                    "unit": "px",
                                                    "top": "0",
                                                    "right": "40",
                                                    "bottom": "0",
                                                    "left": "0",
                                                    "isLinked": false
                                                },
                                                "align_mobile": "center",
                                                "_margin_mobile": {
                                                    "unit": "px",
                                                    "top": "0",
                                                    "right": "0",
                                                    "bottom": "-5",
                                                    "left": "0",
                                                    "isLinked": false
                                                },
                                                "align": "left",
                                                "_margin_tablet": {
                                                    "unit": "px",
                                                    "top": "0",
                                                    "right": "18",
                                                    "bottom": "0",
                                                    "left": "0",
                                                    "isLinked": false
                                                },
                                                "pa_condition_repeater": [],
                                                "_padding_mobile": {
                                                    "unit": "px",
                                                    "top": "0",
                                                    "right": "0",
                                                    "bottom": "0",
                                                    "left": "0",
                                                    "isLinked": false
                                                }
                                            },
                                            "elements": [],
                                            "isInner": false,
                                            "widgetType": "heading",
                                            "elType": "widget"
                                        },
                                        {
                                            "id": "4c9355c0",
                                            "settings": {
                                                "editor": "Qorro ruisuam est aui dolorem ipsum uia dolor sit ame consec tempora incidunt ut labore.",
                                                "_margin": {
                                                    "unit": "px",
                                                    "top": "0",
                                                    "right": "0",
                                                    "bottom": "3",
                                                    "left": "0",
                                                    "isLinked": false
                                                },
                                                "hide_tablet": "hidden-tablet",
                                                "align_mobile": "center",
                                                "pa_condition_repeater": []
                                            },
                                            "elements": [],
                                            "isInner": false,
                                            "widgetType": "text-editor",
                                            "elType": "widget"
                                        },
                                        {
                                            "id": "16089a6e",
                                            "settings": {
                                                "mf_form_id": "2985***1661948146545"
                                            },
                                            "elements": [],
                                            "isInner": false,
                                            "widgetType": "metform",
                                            "elType": "widget"
                                        }
                                    ],
                                    "isInner": true,
                                    "elType": "column"
                                }
                            ],
                            "isInner": true,
                            "elType": "section"
                        }
                    ],
                    "isInner": false,
                    "elType": "column"
                }
            ],
            "isInner": false,
            "elType": "section"
        },
        {
            "id": "cf63bd8",
            "settings": {
                "layout": "full_width",
                "gap": "no"
            },
            "elements": [
                {
                    "id": "50e1d967",
                    "settings": {
                        "_column_size": 100,
                        "_inline_size": null
                    },
                    "elements": [
                        {
                            "id": "7b4c6b4f",
                            "settings": {
                                "address": "121 King Street, Melbourne Victoria 3000 Australia",
                                "zoom": {
                                    "unit": "px",
                                    "size": 20,
                                    "sizes": []
                                },
                                "height": {
                                    "unit": "px",
                                    "size": 545,
                                    "sizes": []
                                },
                                "height_tablet": {
                                    "unit": "px",
                                    "size": 365,
                                    "sizes": []
                                },
                                "height_mobile": {
                                    "unit": "px",
                                    "size": 325,
                                    "sizes": []
                                },
                                "css_filters_css_filter": "custom",
                                "css_filters_brightness": {
                                    "unit": "px",
                                    "size": 98,
                                    "sizes": []
                                },
                                "css_filters_saturate": {
                                    "unit": "px",
                                    "size": 0,
                                    "sizes": []
                                },
                                "css_filters_hue": {
                                    "unit": "px",
                                    "size": 360,
                                    "sizes": []
                                }
                            },
                            "elements": [],
                            "isInner": false,
                            "widgetType": "google_maps",
                            "elType": "widget"
                        }
                    ],
                    "isInner": false,
                    "elType": "column"
                }
            ],
            "isInner": false,
            "elType": "section"
        },
        {
            "id": "57ad7b39",
            "settings": {
                "gap": "no",
                "background_background": "classic",
                "padding": {
                    "unit": "px",
                    "top": "155",
                    "right": "0",
                    "bottom": "195",
                    "left": "0",
                    "isLinked": false
                },
                "padding_tablet": {
                    "unit": "px",
                    "top": "80",
                    "right": "0",
                    "bottom": "80",
                    "left": "0",
                    "isLinked": false
                },
                "padding_mobile": {
                    "unit": "px",
                    "top": "50",
                    "right": "15",
                    "bottom": "50",
                    "left": "15",
                    "isLinked": false
                },
                "__globals__": {
                    "background_color": "globals\/colors?id=c9486ac"
                }
            },
            "elements": [
                {
                    "id": "22e771da",
                    "settings": {
                        "_column_size": 100,
                        "_inline_size": null,
                        "margin_mobile": {
                            "unit": "px",
                            "top": "0",
                            "right": "0",
                            "bottom": "0",
                            "left": "0",
                            "isLinked": false
                        },
                        "padding_mobile": {
                            "unit": "px",
                            "top": "0",
                            "right": "0",
                            "bottom": "0",
                            "left": "0",
                            "isLinked": false
                        }
                    },
                    "elements": [
                        {
                            "id": "55e98f3d",
                            "settings": {
                                "image": {
                                    "url": "https:\/\/elementorpress.com\/templatekit-pro\/layout52\/wp-content\/uploads\/2022\/08\/ellipse.png",
                                    "id": 203,
                                    "alt": "",
                                    "source": "library"
                                },
                                "image_size": "full",
                                "space_tablet": {
                                    "unit": "%",
                                    "size": 87,
                                    "sizes": []
                                },
                                "_element_width": "auto",
                                "_position": "absolute",
                                "_offset_x": {
                                    "unit": "%",
                                    "size": -3,
                                    "sizes": []
                                },
                                "_offset_x_tablet": {
                                    "unit": "%",
                                    "size": "",
                                    "sizes": []
                                },
                                "_offset_x_mobile": {
                                    "unit": "%",
                                    "size": "",
                                    "sizes": []
                                },
                                "_offset_x_end": {
                                    "size": -11,
                                    "unit": "%"
                                },
                                "_offset_x_end_tablet": {
                                    "unit": "%",
                                    "size": -5,
                                    "sizes": []
                                },
                                "_offset_x_end_mobile": {
                                    "unit": "%",
                                    "size": "",
                                    "sizes": []
                                },
                                "_offset_y": {
                                    "size": -17,
                                    "unit": "%"
                                },
                                "_offset_y_tablet": {
                                    "unit": "%",
                                    "size": 0,
                                    "sizes": []
                                },
                                "_offset_y_mobile": {
                                    "unit": "%",
                                    "size": "",
                                    "sizes": []
                                },
                                "_transform_rotateZ_effect_hover": {
                                    "unit": "px",
                                    "size": 360,
                                    "sizes": []
                                },
                                "_transform_scale_popover_hover": "transform",
                                "_transform_scale_effect_hover": {
                                    "unit": "px",
                                    "size": 1.100000000000000088817841970012523233890533447265625,
                                    "sizes": []
                                },
                                "hide_tablet": "hidden-tablet",
                                "hide_mobile": "hidden-mobile",
                                "_animation": "fadeInLeft",
                                "pa_condition_repeater": []
                            },
                            "elements": [],
                            "isInner": false,
                            "widgetType": "image",
                            "elType": "widget"
                        },
                        {
                            "id": "23898ea7",
                            "settings": {
                                "image": {
                                    "url": "https:\/\/elementorpress.com\/templatekit-pro\/layout52\/wp-content\/uploads\/2022\/08\/design-element.png",
                                    "id": 210,
                                    "alt": "",
                                    "source": "library"
                                },
                                "image_size": "full",
                                "_element_width": "auto",
                                "_position": "absolute",
                                "_offset_x": {
                                    "unit": "%",
                                    "size": -8,
                                    "sizes": []
                                },
                                "_offset_x_tablet": {
                                    "unit": "%",
                                    "size": "",
                                    "sizes": []
                                },
                                "_offset_x_mobile": {
                                    "unit": "%",
                                    "size": "",
                                    "sizes": []
                                },
                                "_offset_x_end": {
                                    "unit": "%",
                                    "size": -15.5,
                                    "sizes": []
                                },
                                "_offset_x_end_tablet": {
                                    "unit": "%",
                                    "size": "",
                                    "sizes": []
                                },
                                "_offset_x_end_mobile": {
                                    "unit": "%",
                                    "size": "",
                                    "sizes": []
                                },
                                "_offset_y": {
                                    "unit": "%",
                                    "size": -5,
                                    "sizes": []
                                },
                                "_offset_y_tablet": {
                                    "unit": "%",
                                    "size": "",
                                    "sizes": []
                                },
                                "_offset_y_mobile": {
                                    "unit": "%",
                                    "size": "",
                                    "sizes": []
                                },
                                "_z_index": 1,
                                "_transform_skew_popover_hover": "transform",
                                "_transform_skewX_effect_hover": {
                                    "unit": "px",
                                    "size": 5,
                                    "sizes": []
                                },
                                "hide_tablet": "hidden-tablet",
                                "hide_mobile": "hidden-mobile",
                                "_animation": "fadeInLeft",
                                "_offset_y_end": {
                                    "unit": "px",
                                    "size": -7,
                                    "sizes": []
                                },
                                "pa_condition_repeater": []
                            },
                            "elements": [],
                            "isInner": false,
                            "widgetType": "image",
                            "elType": "widget"
                        },
                        {
                            "id": "60b56f6b",
                            "settings": {
                                "gap": "no",
                                "structure": "20",
                                "margin": {
                                    "unit": "px",
                                    "top": "0",
                                    "right": 0,
                                    "bottom": "-173",
                                    "left": 0,
                                    "isLinked": false
                                },
                                "margin_tablet": {
                                    "unit": "px",
                                    "top": "0",
                                    "right": 0,
                                    "bottom": "-120",
                                    "left": 0,
                                    "isLinked": false
                                },
                                "margin_mobile": {
                                    "unit": "px",
                                    "top": "0",
                                    "right": 0,
                                    "bottom": "0",
                                    "left": 0,
                                    "isLinked": false
                                },
                                "overflow": "hidden"
                            },
                            "elements": [
                                {
                                    "id": "185e1541",
                                    "settings": {
                                        "_column_size": 50,
                                        "_inline_size": 33.3299999999999982946974341757595539093017578125,
                                        "margin": {
                                            "unit": "px",
                                            "top": "0",
                                            "right": "0",
                                            "bottom": "0",
                                            "left": "15",
                                            "isLinked": false
                                        },
                                        "margin_mobile": {
                                            "unit": "px",
                                            "top": "0",
                                            "right": "0",
                                            "bottom": "0",
                                            "left": "0",
                                            "isLinked": false
                                        },
                                        "padding": {
                                            "unit": "px",
                                            "top": "0",
                                            "right": "0",
                                            "bottom": "0",
                                            "left": "0",
                                            "isLinked": false
                                        },
                                        "z_index": 1
                                    },
                                    "elements": [
                                        {
                                            "id": "3e369651",
                                            "settings": {
                                                "image": {
                                                    "url": "https:\/\/elementorpress.com\/templatekit-pro\/layout52\/wp-content\/uploads\/2022\/08\/subcribe-left-image.jpg",
                                                    "id": 1573,
                                                    "alt": "",
                                                    "source": "library"
                                                },
                                                "image_size": "full",
                                                "align_tablet": "center",
                                                "align_mobile": "center",
                                                "image_border_radius": {
                                                    "unit": "px",
                                                    "top": "0",
                                                    "right": "80",
                                                    "bottom": "80",
                                                    "left": "80",
                                                    "isLinked": false
                                                },
                                                "image_border_radius_tablet": {
                                                    "unit": "px",
                                                    "top": "0",
                                                    "right": "40",
                                                    "bottom": "40",
                                                    "left": "40",
                                                    "isLinked": false
                                                },
                                                "_margin": {
                                                    "unit": "px",
                                                    "top": "0",
                                                    "right": "0",
                                                    "bottom": "0",
                                                    "left": "0",
                                                    "isLinked": false
                                                },
                                                "_margin_mobile": {
                                                    "unit": "px",
                                                    "top": "0",
                                                    "right": "0",
                                                    "bottom": "0",
                                                    "left": "0",
                                                    "isLinked": false
                                                },
                                                "_padding": {
                                                    "unit": "px",
                                                    "top": "0",
                                                    "right": "0",
                                                    "bottom": "0",
                                                    "left": "0",
                                                    "isLinked": false
                                                },
                                                "_padding_mobile": {
                                                    "unit": "px",
                                                    "top": "0",
                                                    "right": "0",
                                                    "bottom": "0",
                                                    "left": "0",
                                                    "isLinked": false
                                                },
                                                "_element_width": "auto",
                                                "_z_index": 2,
                                                "_animation": "fadeInLeft"
                                            },
                                            "elements": [],
                                            "isInner": false,
                                            "widgetType": "image",
                                            "elType": "widget"
                                        }
                                    ],
                                    "isInner": true,
                                    "elType": "column"
                                },
                                {
                                    "id": "50198449",
                                    "settings": {
                                        "_column_size": 50,
                                        "_inline_size": 66.6700000000000017053025658242404460906982421875,
                                        "margin": {
                                            "unit": "px",
                                            "top": "65",
                                            "right": "0",
                                            "bottom": "0",
                                            "left": "15",
                                            "isLinked": false
                                        },
                                        "margin_tablet": {
                                            "unit": "px",
                                            "top": "40",
                                            "right": "0",
                                            "bottom": "0",
                                            "left": "25",
                                            "isLinked": false
                                        },
                                        "margin_mobile": {
                                            "unit": "px",
                                            "top": "25",
                                            "right": "0",
                                            "bottom": "30",
                                            "left": "0",
                                            "isLinked": false
                                        },
                                        "padding": {
                                            "unit": "px",
                                            "top": "0",
                                            "right": "0",
                                            "bottom": "0",
                                            "left": "0",
                                            "isLinked": false
                                        }
                                    },
                                    "elements": [
                                        {
                                            "id": "55832f4b",
                                            "settings": {
                                                "title": "Get in Touch",
                                                "header_size": "h4",
                                                "title_color": "#0042CC",
                                                "__globals__": {
                                                    "typography_typography": "globals\/typography?id=3d8ec0e",
                                                    "title_color": "globals\/colors?id=secondary"
                                                },
                                                "_margin": {
                                                    "unit": "px",
                                                    "top": "0",
                                                    "right": "0",
                                                    "bottom": "-10",
                                                    "left": "0",
                                                    "isLinked": false
                                                },
                                                "align_mobile": "center",
                                                "_margin_mobile": {
                                                    "unit": "px",
                                                    "top": "0",
                                                    "right": "0",
                                                    "bottom": "-12",
                                                    "left": "0",
                                                    "isLinked": false
                                                },
                                                "align": "left",
                                                "_margin_tablet": {
                                                    "unit": "px",
                                                    "top": "0",
                                                    "right": "0",
                                                    "bottom": "-12",
                                                    "left": "0",
                                                    "isLinked": false
                                                },
                                                "pa_condition_repeater": [],
                                                "align_tablet": "left"
                                            },
                                            "elements": [],
                                            "isInner": false,
                                            "widgetType": "heading",
                                            "elType": "widget"
                                        },
                                        {
                                            "id": "114646a1",
                                            "settings": {
                                                "title": "Subscribe To Our Newsletter",
                                                "title_color": "#0042CC",
                                                "__globals__": {
                                                    "typography_typography": "globals\/typography?id=ad287da",
                                                    "title_color": "globals\/colors?id=primary"
                                                },
                                                "_margin": {
                                                    "unit": "px",
                                                    "top": "0",
                                                    "right": "0",
                                                    "bottom": "2",
                                                    "left": "0",
                                                    "isLinked": false
                                                },
                                                "align_mobile": "center",
                                                "_margin_mobile": {
                                                    "unit": "px",
                                                    "top": "0",
                                                    "right": "0",
                                                    "bottom": "-8",
                                                    "left": "0",
                                                    "isLinked": false
                                                },
                                                "align": "left",
                                                "_margin_tablet": {
                                                    "unit": "px",
                                                    "top": "0",
                                                    "right": "18",
                                                    "bottom": "-3",
                                                    "left": "0",
                                                    "isLinked": false
                                                },
                                                "pa_condition_repeater": [],
                                                "align_tablet": "left"
                                            },
                                            "elements": [],
                                            "isInner": false,
                                            "widgetType": "heading",
                                            "elType": "widget"
                                        }
                                    ],
                                    "isInner": true,
                                    "elType": "column"
                                }
                            ],
                            "isInner": true,
                            "elType": "section"
                        },
                        {
                            "id": "70b7ca0c",
                            "settings": {
                                "gap": "no",
                                "margin": {
                                    "unit": "px",
                                    "top": "0",
                                    "right": 0,
                                    "bottom": "0",
                                    "left": 0,
                                    "isLinked": false
                                },
                                "padding": {
                                    "unit": "px",
                                    "top": "0",
                                    "right": "15",
                                    "bottom": "0",
                                    "left": "225",
                                    "isLinked": false
                                },
                                "padding_tablet": {
                                    "unit": "px",
                                    "top": "0",
                                    "right": "15",
                                    "bottom": "0",
                                    "left": "120",
                                    "isLinked": false
                                },
                                "padding_mobile": {
                                    "unit": "px",
                                    "top": "0",
                                    "right": "0",
                                    "bottom": "0",
                                    "left": "0",
                                    "isLinked": false
                                },
                                "z_index": 3,
                                "animation": "fadeInUp"
                            },
                            "elements": [
                                {
                                    "id": "1dd5dae4",
                                    "settings": {
                                        "_column_size": 100,
                                        "_inline_size": null,
                                        "background_background": "classic",
                                        "border_radius": {
                                            "unit": "px",
                                            "top": "10",
                                            "right": "10",
                                            "bottom": "10",
                                            "left": "10",
                                            "isLinked": true
                                        },
                                        "box_shadow_box_shadow_type": "yes",
                                        "box_shadow_box_shadow": {
                                            "horizontal": 0,
                                            "vertical": 5,
                                            "blur": 45,
                                            "spread": 0,
                                            "color": "rgba(201, 219.99999999999997, 255, 0.47)"
                                        },
                                        "margin": {
                                            "unit": "px",
                                            "top": "0",
                                            "right": "0",
                                            "bottom": "0",
                                            "left": "0",
                                            "isLinked": true
                                        },
                                        "padding": {
                                            "unit": "px",
                                            "top": "22",
                                            "right": "22",
                                            "bottom": "22",
                                            "left": "22",
                                            "isLinked": false
                                        },
                                        "padding_tablet": {
                                            "unit": "px",
                                            "top": "16",
                                            "right": "16",
                                            "bottom": "16",
                                            "left": "16",
                                            "isLinked": true
                                        },
                                        "__globals__": {
                                            "background_color": "globals\/colors?id=c9486ac"
                                        }
                                    },
                                    "elements": [
                                        {
                                            "id": "64729cd0",
                                            "settings": {
                                                "mf_form_id": "1589***1661934843738"
                                            },
                                            "elements": [],
                                            "isInner": false,
                                            "widgetType": "metform",
                                            "elType": "widget"
                                        }
                                    ],
                                    "isInner": true,
                                    "elType": "column"
                                }
                            ],
                            "isInner": true,
                            "elType": "section"
                        }
                    ],
                    "isInner": false,
                    "elType": "column"
                }
            ],
            "isInner": false,
            "elType": "section"
        }
    ],
    "page_settings": {
        "hide_title": "yes",
        "template": "elementor_header_footer"
    }
}