{
    "version": "0.4",
    "title": "Header",
    "type": "section",
    "metadata": {
        "template_type": "section-header",
        "include_in_zip": "1",
        "elementor_pro_required": null,
        "wp_page_template": "elementor_canvas"
    },
    "content": [
        {
            "id": "3600a4a5",
            "settings": {
                "gap": "no",
                "margin": {
                    "unit": "px",
                    "top": "0",
                    "right": 0,
                    "bottom": "-110",
                    "left": 0,
                    "isLinked": false
                },
                "padding": {
                    "unit": "px",
                    "top": "30",
                    "right": "15",
                    "bottom": "20",
                    "left": "15",
                    "isLinked": false
                },
                "padding_tablet": {
                    "unit": "px",
                    "top": "20",
                    "right": "20",
                    "bottom": "20",
                    "left": "20",
                    "isLinked": true
                },
                "padding_mobile": {
                    "unit": "px",
                    "top": "15",
                    "right": "15",
                    "bottom": "15",
                    "left": "15",
                    "isLinked": true
                },
                "z_index": 99
            },
            "elements": [
                {
                    "id": "7b8edbbe",
                    "settings": {
                        "_column_size": 100,
                        "_inline_size": null
                    },
                    "elements": [
                        {
                            "id": "46406ce4",
                            "settings": {
                                "gap": "no",
                                "structure": "30"
                            },
                            "elements": [
                                {
                                    "id": "472a989a",
                                    "settings": {
                                        "_column_size": 33,
                                        "_inline_size": 19,
                                        "content_position": "center",
                                        "_inline_size_tablet": 25,
                                        "_inline_size_mobile": 50,
                                        "content_position_tablet": "center"
                                    },
                                    "elements": [
                                        {
                                            "id": "4fc5d392",
                                            "settings": {
                                                "image": {
                                                    "url": "https:\/\/elementorpress.com\/templatekit-pro\/layout52\/wp-content\/uploads\/2022\/08\/header-logo.png",
                                                    "id": 3407,
                                                    "alt": "",
                                                    "source": "library"
                                                },
                                                "image_size": "full",
                                                "align": "left",
                                                "link_to": "custom",
                                                "link": {
                                                    "url": "#",
                                                    "is_external": "",
                                                    "nofollow": "",
                                                    "custom_attributes": ""
                                                },
                                                "space_mobile": {
                                                    "unit": "%",
                                                    "size": 95,
                                                    "sizes": []
                                                }
                                            },
                                            "elements": [],
                                            "isInner": false,
                                            "widgetType": "image",
                                            "elType": "widget"
                                        }
                                    ],
                                    "isInner": true,
                                    "elType": "column"
                                },
                                {
                                    "id": "459a5e33",
                                    "settings": {
                                        "_column_size": 33,
                                        "_inline_size": 63.83200000000000073896444519050419330596923828125,
                                        "_inline_size_tablet": 75,
                                        "_inline_size_mobile": 50
                                    },
                                    "elements": [
                                        {
                                            "id": "3dc1eec4",
                                            "settings": {
                                                "elementskit_nav_menu": "menu",
                                                "elementskit_main_menu_position": "elementskit-menu-po-right",
                                                "elementskit_nav_menu_logo": {
                                                    "url": "https:\/\/elementorpress.com\/templatekit-pro\/layout52\/wp-content\/uploads\/2022\/08\/header-logo.png",
                                                    "id": 3407,
                                                    "alt": "",
                                                    "source": "library"
                                                },
                                                "elementskit_hamburger_icon": {
                                                    "value": "fas fa-grip-lines",
                                                    "library": "fa-solid"
                                                },
                                                "elementskit_menubar_height": {
                                                    "unit": "px",
                                                    "size": 54,
                                                    "sizes": []
                                                },
                                                "elementskit_mobile_menu_panel_spacing_tablet": {
                                                    "unit": "px",
                                                    "top": "10",
                                                    "right": "15",
                                                    "bottom": "10",
                                                    "left": "15",
                                                    "isLinked": false
                                                },
                                                "elementskit_menu_item_spacing": {
                                                    "unit": "px",
                                                    "top": "0",
                                                    "right": "20",
                                                    "bottom": "0",
                                                    "left": "30",
                                                    "isLinked": false
                                                },
                                                "elementskit_menu_item_spacing_tablet": {
                                                    "unit": "px",
                                                    "top": "10",
                                                    "right": "20",
                                                    "bottom": "10",
                                                    "left": "20",
                                                    "isLinked": false
                                                },
                                                "elementskit_menu_item_spacing_mobile": {
                                                    "unit": "px",
                                                    "top": "0",
                                                    "right": "20",
                                                    "bottom": "18",
                                                    "left": "20",
                                                    "isLinked": false
                                                },
                                                "elementskit_submenu_container_width": "210px",
                                                "elementskit_menu_toggle_width_tablet": {
                                                    "unit": "px",
                                                    "size": 36,
                                                    "sizes": []
                                                },
                                                "elementskit_menu_toggle_background_background": "classic",
                                                "elementskit_menu_toggle_border_border": "solid",
                                                "elementskit_menu_toggle_border_width_tablet": {
                                                    "unit": "px",
                                                    "top": "0",
                                                    "right": "0",
                                                    "bottom": "0",
                                                    "left": "0",
                                                    "isLinked": true
                                                },
                                                "elementskit_menu_toggle_border_hover_border": "solid",
                                                "elementskit_menu_toggle_border_hover_width_tablet": {
                                                    "unit": "px",
                                                    "top": "1",
                                                    "right": "0",
                                                    "bottom": "0",
                                                    "left": "0",
                                                    "isLinked": false
                                                },
                                                "elementskit_menu_close_spacing_tablet": {
                                                    "unit": "px",
                                                    "top": "5",
                                                    "right": "5",
                                                    "bottom": "5",
                                                    "left": "5",
                                                    "isLinked": true
                                                },
                                                "elementskit_menu_close_margin_tablet": {
                                                    "unit": "px",
                                                    "top": "12",
                                                    "right": "5",
                                                    "bottom": "12",
                                                    "left": "12",
                                                    "isLinked": false
                                                },
                                                "elementskit_menu_close_width_tablet": {
                                                    "unit": "px",
                                                    "size": 36,
                                                    "sizes": []
                                                },
                                                "elementskit_menu_close_background_background": "classic",
                                                "elementskit_menu_close_border_border": "solid",
                                                "elementskit_menu_close_border_width_tablet": {
                                                    "unit": "px",
                                                    "top": "1",
                                                    "right": "1",
                                                    "bottom": "1",
                                                    "left": "1",
                                                    "isLinked": true
                                                },
                                                "elementskit_menu_close_background_hover_background": "classic",
                                                "elementskit_menu_close_border_hover_border": "solid",
                                                "elementskit_menu_close_border_hover_width_tablet": {
                                                    "unit": "px",
                                                    "top": "1",
                                                    "right": "1",
                                                    "bottom": "1",
                                                    "left": "1",
                                                    "isLinked": true
                                                },
                                                "elementskit_mobile_menu_logo_width_tablet": {
                                                    "unit": "px",
                                                    "size": 170,
                                                    "sizes": []
                                                },
                                                "elementskit_mobile_menu_logo_height_tablet": {
                                                    "unit": "px",
                                                    "size": "",
                                                    "sizes": []
                                                },
                                                "elementskit_mobile_menu_logo_height_mobile": {
                                                    "unit": "px",
                                                    "size": "",
                                                    "sizes": []
                                                },
                                                "elementskit_mobile_menu_logo_margin_tablet": {
                                                    "unit": "px",
                                                    "top": "3",
                                                    "right": "0",
                                                    "bottom": "0",
                                                    "left": "0",
                                                    "isLinked": false
                                                },
                                                "elementskit_mobile_menu_logo_margin_mobile": {
                                                    "unit": "px",
                                                    "top": "0",
                                                    "right": "0",
                                                    "bottom": "0",
                                                    "left": "5",
                                                    "isLinked": false
                                                },
                                                "elementskit_mobile_menu_logo_padding_tablet": {
                                                    "unit": "px",
                                                    "top": "17",
                                                    "right": "5",
                                                    "bottom": "5",
                                                    "left": "5",
                                                    "isLinked": false
                                                },
                                                "elementskit_mobile_menu_logo_padding_mobile": {
                                                    "unit": "px",
                                                    "top": "18",
                                                    "right": "0",
                                                    "bottom": "0",
                                                    "left": "0",
                                                    "isLinked": false
                                                },
                                                "__globals__": {
                                                    "elementskit_content_typography_typography": "globals\/typography?id=dba2004",
                                                    "elementskit_menu_text_color": "globals\/colors?id=text",
                                                    "elementskit_item_color_hover": "globals\/colors?id=secondary",
                                                    "elementskit_nav_menu_active_text_color": "globals\/colors?id=secondary",
                                                    "elementskit_menu_text_color_tablet": "globals\/colors?id=text",
                                                    "elementskit_item_color_hover_tablet": "globals\/colors?id=accent",
                                                    "elementskit_nav_menu_active_text_color_tablet": "globals\/colors?id=accent",
                                                    "elementskit_menu_toggle_border_color": "globals\/colors?id=accent",
                                                    "elementskit_menu_toggle_icon_color": "globals\/colors?id=c9486ac",
                                                    "elementskit_menu_toggle_background_color": "globals\/colors?id=accent",
                                                    "elementskit_menu_toggle_border_hover_color": "globals\/colors?id=accent",
                                                    "elementskit_menu_toggle_icon_color_hover": "globals\/colors?id=c9486ac",
                                                    "elementskit_menu_close_background_color": "globals\/colors?id=7c324f5",
                                                    "elementskit_menu_close_border_color": "globals\/colors?id=secondary",
                                                    "elementskit_menu_close_icon_color": "globals\/colors?id=secondary",
                                                    "elementskit_menu_close_background_hover_color": "globals\/colors?id=secondary",
                                                    "elementskit_menu_close_border_hover_color": "globals\/colors?id=secondary",
                                                    "elementskit_menu_close_icon_color_hover": "globals\/colors?id=c9486ac",
                                                    "elementskit_menu_close_typography_typography": "globals\/typography?id=d650d68",
                                                    "wrapper_color_mobile_tablet": "globals\/colors?id=c9486ac",
                                                    "elementskit_menu_item_typography_typography": "globals\/typography?id=d650d68",
                                                    "elementskit_menu_item_background_color": "globals\/colors?id=c9486ac",
                                                    "elementskit_submenu_item_color": "globals\/colors?id=primary",
                                                    "elementskit_menu_item_background_hover_color": "globals\/colors?id=secondary",
                                                    "elementskit_item_text_color_hover": "globals\/colors?id=c9486ac",
                                                    "elementskit_nav_sub_menu_active_text_color": "globals\/colors?id=accent",
                                                    "elementskit_menu_item_border_last_child_color": "globals\/colors?id=secondary",
                                                    "elementskit_panel_submenu_border_color": "globals\/colors?id=secondary",
                                                    "elementskit_submenu_container_background_color": "globals\/colors?id=c9486ac"
                                                },
                                                "elementskit_style_tab_submenu_item_arrow": "elementskit_fill_arrow",
                                                "elementskit_submenu_item_spacing": {
                                                    "unit": "px",
                                                    "top": "12",
                                                    "right": "0",
                                                    "bottom": "12",
                                                    "left": "12",
                                                    "isLinked": false
                                                },
                                                "elementskit_submenu_item_spacing_tablet": {
                                                    "unit": "px",
                                                    "top": "11",
                                                    "right": "15",
                                                    "bottom": "11",
                                                    "left": "33",
                                                    "isLinked": false
                                                },
                                                "elementskit_menu_item_background_background": "classic",
                                                "elementskit_menu_item_background_hover_background": "classic",
                                                "elementskit_menu_item_border_width": {
                                                    "unit": "px",
                                                    "top": "0",
                                                    "right": "0",
                                                    "bottom": "1",
                                                    "left": "0",
                                                    "isLinked": false
                                                },
                                                "elementskit_menu_item_border_last_child_border": "solid",
                                                "elementskit_menu_item_border_last_child_width": {
                                                    "unit": "px",
                                                    "top": "0",
                                                    "right": "0",
                                                    "bottom": "2",
                                                    "left": "0",
                                                    "isLinked": false
                                                },
                                                "sub_panel_padding": {
                                                    "unit": "px",
                                                    "top": "",
                                                    "right": "",
                                                    "bottom": "",
                                                    "left": "",
                                                    "isLinked": true
                                                },
                                                "elementskit_panel_submenu_border_border": "solid",
                                                "elementskit_panel_submenu_border_width": {
                                                    "unit": "px",
                                                    "top": "0",
                                                    "right": "0",
                                                    "bottom": "0",
                                                    "left": "0",
                                                    "isLinked": true
                                                },
                                                "elementskit_submenu_container_background_background": "classic",
                                                "elementskit_panel_box_shadow_box_shadow_type": "yes",
                                                "elementskit_panel_box_shadow_box_shadow": {
                                                    "horizontal": 0,
                                                    "vertical": 0,
                                                    "blur": 30,
                                                    "spread": 0,
                                                    "color": "rgba(201, 219.99999999999997, 255, 0.17)"
                                                },
                                                "elementskit_mobile_menu_logo_width_mobile": {
                                                    "unit": "px",
                                                    "size": 160,
                                                    "sizes": []
                                                }
                                            },
                                            "elements": [],
                                            "isInner": false,
                                            "widgetType": "ekit-nav-menu",
                                            "elType": "widget"
                                        }
                                    ],
                                    "isInner": true,
                                    "elType": "column"
                                },
                                {
                                    "id": "7a39c100",
                                    "settings": {
                                        "_column_size": 33,
                                        "_inline_size": 16.5,
                                        "content_position": "center",
                                        "align": "flex-end",
                                        "hide_tablet": "hidden-tablet",
                                        "hide_mobile": "hidden-mobile"
                                    },
                                    "elements": [
                                        {
                                            "id": "20284e82",
                                            "settings": {
                                                "text": "Contact us",
                                                "text_padding": {
                                                    "unit": "px",
                                                    "top": "17",
                                                    "right": "40",
                                                    "bottom": "17",
                                                    "left": "40",
                                                    "isLinked": false
                                                },
                                                "_element_width": "auto",
                                                "__globals__": {
                                                    "background_color": "globals\/colors?id=secondary",
                                                    "button_background_hover_color": "globals\/colors?id=accent"
                                                }
                                            },
                                            "elements": [],
                                            "isInner": false,
                                            "widgetType": "button",
                                            "elType": "widget"
                                        }
                                    ],
                                    "isInner": true,
                                    "elType": "column"
                                }
                            ],
                            "isInner": true,
                            "elType": "section"
                        }
                    ],
                    "isInner": false,
                    "elType": "column"
                }
            ],
            "isInner": false,
            "elType": "section"
        }
    ],
    "page_settings": {
        "hide_title": "yes",
        "template": "elementor_canvas"
    }
}