{
    "version": "0.4",
    "title": "Info Form",
    "type": "section",
    "metadata": {
        "template_type": "section-other",
        "include_in_zip": "1",
        "elementor_pro_required": null,
        "wp_page_template": "elementor_canvas"
    },
    "content": [
        {
            "id": "f73dafc",
            "settings": {
                "structure": "40"
            },
            "elements": [
                {
                    "id": "2495283e",
                    "settings": {
                        "_column_size": 25,
                        "_inline_size": 21.5,
                        "border_width": {
                            "unit": "px",
                            "top": "0",
                            "right": "1",
                            "bottom": "0",
                            "left": "0",
                            "isLinked": false
                        },
                        "margin": {
                            "unit": "px",
                            "top": "0",
                            "right": "0",
                            "bottom": "0",
                            "left": "0",
                            "isLinked": false
                        },
                        "padding": {
                            "unit": "px",
                            "top": "0",
                            "right": "25",
                            "bottom": "0",
                            "left": "25",
                            "isLinked": false
                        },
                        "__globals__": {
                            "border_color": "globals\/colors?id=44cb095"
                        },
                        "padding_tablet": {
                            "unit": "px",
                            "top": "0",
                            "right": "10",
                            "bottom": "0",
                            "left": "10",
                            "isLinked": false
                        },
                        "_inline_size_mobile": 50,
                        "margin_mobile": {
                            "unit": "px",
                            "top": "0",
                            "right": "0",
                            "bottom": "15",
                            "left": "0",
                            "isLinked": false
                        },
                        "padding_mobile": {
                            "unit": "px",
                            "top": "0",
                            "right": "20",
                            "bottom": "0",
                            "left": "10",
                            "isLinked": false
                        }
                    },
                    "elements": [
                        {
                            "id": "5894423a",
                            "settings": {
                                "mf_input_label": "Location",
                                "mf_input_name": "mf-select",
                                "mf_input_placeholder": "",
                                "mf_input_list": [
                                    {
                                        "mf_input_option_text": "Washington",
                                        "mf_input_option_value": "value-1",
                                        "_id": "a2d015d",
                                        "mf_input_option_selected": "selected"
                                    },
                                    {
                                        "mf_input_option_text": "USA",
                                        "mf_input_option_value": "value-2",
                                        "_id": "3aa2476"
                                    },
                                    {
                                        "mf_input_option_text": "Canada",
                                        "mf_input_option_value": "value-3",
                                        "_id": "304c115"
                                    }
                                ],
                                "mf_input_validation_warning_message": "This field is required.",
                                "mf_input_padding": {
                                    "unit": "px",
                                    "top": "5",
                                    "right": "0",
                                    "bottom": "0",
                                    "left": "0",
                                    "isLinked": false
                                },
                                "mf_input_background_background": "classic",
                                "mf_input_border_border": "solid",
                                "mf_input_border_width": {
                                    "unit": "px",
                                    "top": "0",
                                    "right": "0",
                                    "bottom": "0",
                                    "left": "0",
                                    "isLinked": true
                                },
                                "mf_select_options_border_border": "solid",
                                "mf_select_options_border_width": {
                                    "unit": "px",
                                    "top": "0",
                                    "right": "0",
                                    "bottom": "0",
                                    "left": "0",
                                    "isLinked": true
                                },
                                "mf_select_options_box_shadow_box_shadow_type": "yes",
                                "mf_select_options_box_shadow_box_shadow": {
                                    "horizontal": 0,
                                    "vertical": 0,
                                    "blur": 40,
                                    "spread": 0,
                                    "color": "rgba(0, 0, 0, 0.15)"
                                },
                                "mf_option_padding": {
                                    "unit": "px",
                                    "top": "10",
                                    "right": "0",
                                    "bottom": "10",
                                    "left": "10",
                                    "isLinked": false
                                },
                                "mf_option_margin": {
                                    "unit": "px",
                                    "top": "0",
                                    "right": "0",
                                    "bottom": "0",
                                    "left": "0",
                                    "isLinked": false
                                },
                                "mf_select_option_border_border": "solid",
                                "mf_select_option_border_width": {
                                    "unit": "px",
                                    "top": "0",
                                    "right": "0",
                                    "bottom": "0",
                                    "left": "0",
                                    "isLinked": true
                                },
                                "mf_select_option_backgroundnormal_background": "classic",
                                "mf_select_option_backgroundhover_background": "classic",
                                "__globals__": {
                                    "mf_input_label_typography_typography": "globals\/typography?id=191eab2",
                                    "mf_input_background_color": "globals\/colors?id=c9486ac",
                                    "mf_input_typgraphy_typography": "globals\/typography?id=dba2004",
                                    "mf_input_color": "globals\/colors?id=text",
                                    "mf_select_option_colornormal": "globals\/colors?id=primary",
                                    "mf_select_option_backgroundnormal_color": "globals\/colors?id=c9486ac",
                                    "mf_select_option_colorhover": "globals\/colors?id=accent",
                                    "mf_select_option_coloractive": "globals\/colors?id=accent",
                                    "mf_select_option_backgroundhover_color": "globals\/colors?id=c9486ac",
                                    "mf_input_color_hover": "globals\/colors?id=accent",
                                    "mf_input_placeholder_color": "globals\/colors?id=text"
                                },
                                "_margin": {
                                    "unit": "px",
                                    "top": "0",
                                    "right": "0",
                                    "bottom": "0",
                                    "left": "0",
                                    "isLinked": false
                                },
                                "_padding": {
                                    "unit": "px",
                                    "top": "0",
                                    "right": "0",
                                    "bottom": "0",
                                    "left": "0",
                                    "isLinked": false
                                },
                                "mf_input_padding_mobile": {
                                    "unit": "px",
                                    "top": "2",
                                    "right": "0",
                                    "bottom": "0",
                                    "left": "0",
                                    "isLinked": false
                                },
                                "mf_input_color": "#62708A",
                                "mf_input_background_color": "#FFFFFF",
                                "mf_input_color_hover": "#2FC89B",
                                "mf_input_typgraphy_typography": "custom",
                                "mf_input_typgraphy_font_family": "Roboto",
                                "mf_input_typgraphy_font_size": {
                                    "unit": "px",
                                    "size": 16,
                                    "sizes": []
                                },
                                "mf_input_typgraphy_font_size_tablet": {
                                    "unit": "px",
                                    "size": 14,
                                    "sizes": []
                                },
                                "mf_input_typgraphy_font_size_mobile": {
                                    "unit": "px",
                                    "size": 14,
                                    "sizes": []
                                },
                                "mf_input_typgraphy_font_weight": "400",
                                "mf_input_typgraphy_line_height": {
                                    "unit": "em",
                                    "size": 1.5,
                                    "sizes": []
                                },
                                "mf_input_typgraphy_line_height_tablet": {
                                    "unit": "em",
                                    "size": 1.5,
                                    "sizes": []
                                },
                                "mf_input_typgraphy_line_height_mobile": {
                                    "unit": "em",
                                    "size": 1.5,
                                    "sizes": []
                                },
                                "mf_input_typgraphy_word_spacing": {
                                    "unit": "em",
                                    "size": "",
                                    "sizes": []
                                },
                                "mf_option_padding_mobile": {
                                    "unit": "px",
                                    "top": "5",
                                    "right": "5",
                                    "bottom": "5",
                                    "left": "5",
                                    "isLinked": true
                                },
                                "mf_select_option_colornormal": "#2B3546",
                                "mf_select_option_backgroundnormal_color": "#FFFFFF",
                                "mf_select_option_colorhover": "#2FC89B",
                                "mf_select_option_backgroundhover_color": "#FFFFFF",
                                "mf_select_option_coloractive": "#2FC89B"
                            },
                            "elements": [],
                            "isInner": false,
                            "widgetType": "mf-select",
                            "elType": "widget"
                        }
                    ],
                    "isInner": false,
                    "elType": "column"
                },
                {
                    "id": "46359eca",
                    "settings": {
                        "_column_size": 25,
                        "_inline_size": 24.199999999999999289457264239899814128875732421875,
                        "border_border": "solid",
                        "border_width": {
                            "unit": "px",
                            "top": "0",
                            "right": "1",
                            "bottom": "0",
                            "left": "1",
                            "isLinked": false
                        },
                        "margin": {
                            "unit": "px",
                            "top": "0",
                            "right": "0",
                            "bottom": "0",
                            "left": "0",
                            "isLinked": false
                        },
                        "padding": {
                            "unit": "px",
                            "top": "0",
                            "right": "25",
                            "bottom": "0",
                            "left": "25",
                            "isLinked": false
                        },
                        "__globals__": {
                            "border_color": "globals\/colors?id=44cb095"
                        },
                        "padding_tablet": {
                            "unit": "px",
                            "top": "0",
                            "right": "10",
                            "bottom": "0",
                            "left": "10",
                            "isLinked": false
                        },
                        "_inline_size_mobile": 50,
                        "border_width_mobile": {
                            "unit": "px",
                            "top": "0",
                            "right": "0",
                            "bottom": "0",
                            "left": "1",
                            "isLinked": false
                        },
                        "margin_mobile": {
                            "unit": "px",
                            "top": "0",
                            "right": "0",
                            "bottom": "15",
                            "left": "0",
                            "isLinked": false
                        },
                        "padding_mobile": {
                            "unit": "px",
                            "top": "0",
                            "right": "30",
                            "bottom": "0",
                            "left": "20",
                            "isLinked": false
                        }
                    },
                    "elements": [
                        {
                            "id": "160abc73",
                            "settings": {
                                "mf_input_label": "Property type",
                                "mf_input_name": "mf-select",
                                "mf_input_placeholder": "",
                                "mf_input_list": [
                                    {
                                        "mf_input_option_text": "Delux",
                                        "mf_input_option_value": "value-1",
                                        "_id": "a2d015d",
                                        "mf_input_option_selected": "selected"
                                    },
                                    {
                                        "mf_input_option_text": "Commercial",
                                        "mf_input_option_value": "value-2",
                                        "_id": "3aa2476"
                                    },
                                    {
                                        "mf_input_option_text": "Residential",
                                        "mf_input_option_value": "value-3",
                                        "_id": "304c115"
                                    }
                                ],
                                "mf_input_validation_warning_message": "This field is required.",
                                "mf_input_padding": {
                                    "unit": "px",
                                    "top": "5",
                                    "right": "0",
                                    "bottom": "0",
                                    "left": "0",
                                    "isLinked": false
                                },
                                "mf_input_background_background": "classic",
                                "mf_input_border_border": "solid",
                                "mf_input_border_width": {
                                    "unit": "px",
                                    "top": "0",
                                    "right": "0",
                                    "bottom": "0",
                                    "left": "0",
                                    "isLinked": true
                                },
                                "mf_select_options_border_border": "solid",
                                "mf_select_options_border_width": {
                                    "unit": "px",
                                    "top": "0",
                                    "right": "0",
                                    "bottom": "0",
                                    "left": "0",
                                    "isLinked": true
                                },
                                "mf_select_options_box_shadow_box_shadow_type": "yes",
                                "mf_select_options_box_shadow_box_shadow": {
                                    "horizontal": 0,
                                    "vertical": 0,
                                    "blur": 40,
                                    "spread": 0,
                                    "color": "rgba(0, 0, 0, 0.15)"
                                },
                                "mf_option_padding": {
                                    "unit": "px",
                                    "top": "10",
                                    "right": "0",
                                    "bottom": "10",
                                    "left": "10",
                                    "isLinked": false
                                },
                                "mf_option_margin": {
                                    "unit": "px",
                                    "top": "0",
                                    "right": "0",
                                    "bottom": "0",
                                    "left": "0",
                                    "isLinked": false
                                },
                                "mf_select_option_border_border": "solid",
                                "mf_select_option_border_width": {
                                    "unit": "px",
                                    "top": "0",
                                    "right": "0",
                                    "bottom": "0",
                                    "left": "0",
                                    "isLinked": true
                                },
                                "mf_select_option_backgroundnormal_background": "classic",
                                "mf_select_option_backgroundhover_background": "classic",
                                "__globals__": {
                                    "mf_input_label_typography_typography": "globals\/typography?id=191eab2",
                                    "mf_input_background_color": "globals\/colors?id=c9486ac",
                                    "mf_input_typgraphy_typography": "globals\/typography?id=dba2004",
                                    "mf_input_color": "globals\/colors?id=text",
                                    "mf_select_option_colornormal": "globals\/colors?id=primary",
                                    "mf_select_option_backgroundnormal_color": "globals\/colors?id=c9486ac",
                                    "mf_select_option_colorhover": "globals\/colors?id=accent",
                                    "mf_select_option_coloractive": "globals\/colors?id=accent",
                                    "mf_select_option_backgroundhover_color": "globals\/colors?id=c9486ac",
                                    "mf_input_color_hover": "globals\/colors?id=accent",
                                    "mf_input_placeholder_color": "globals\/colors?id=text"
                                },
                                "_margin": {
                                    "unit": "px",
                                    "top": "0",
                                    "right": "0",
                                    "bottom": "0",
                                    "left": "0",
                                    "isLinked": false
                                },
                                "_padding": {
                                    "unit": "px",
                                    "top": "0",
                                    "right": "0",
                                    "bottom": "0",
                                    "left": "0",
                                    "isLinked": false
                                },
                                "mf_input_padding_mobile": {
                                    "unit": "px",
                                    "top": "2",
                                    "right": "0",
                                    "bottom": "0",
                                    "left": "0",
                                    "isLinked": false
                                },
                                "mf_input_color": "#62708A",
                                "mf_input_background_color": "#FFFFFF",
                                "mf_input_color_hover": "#2FC89B",
                                "mf_input_typgraphy_typography": "custom",
                                "mf_input_typgraphy_font_family": "Roboto",
                                "mf_input_typgraphy_font_size": {
                                    "unit": "px",
                                    "size": 16,
                                    "sizes": []
                                },
                                "mf_input_typgraphy_font_size_tablet": {
                                    "unit": "px",
                                    "size": 14,
                                    "sizes": []
                                },
                                "mf_input_typgraphy_font_size_mobile": {
                                    "unit": "px",
                                    "size": 14,
                                    "sizes": []
                                },
                                "mf_input_typgraphy_font_weight": "400",
                                "mf_input_typgraphy_line_height": {
                                    "unit": "em",
                                    "size": 1.5,
                                    "sizes": []
                                },
                                "mf_input_typgraphy_line_height_tablet": {
                                    "unit": "em",
                                    "size": 1.5,
                                    "sizes": []
                                },
                                "mf_input_typgraphy_line_height_mobile": {
                                    "unit": "em",
                                    "size": 1.5,
                                    "sizes": []
                                },
                                "mf_input_typgraphy_word_spacing": {
                                    "unit": "em",
                                    "size": "",
                                    "sizes": []
                                },
                                "mf_option_padding_mobile": {
                                    "unit": "px",
                                    "top": "5",
                                    "right": "5",
                                    "bottom": "5",
                                    "left": "5",
                                    "isLinked": true
                                },
                                "mf_select_option_colornormal": "#2B3546",
                                "mf_select_option_backgroundnormal_color": "#FFFFFF",
                                "mf_select_option_colorhover": "#2FC89B",
                                "mf_select_option_backgroundhover_color": "#FFFFFF",
                                "mf_select_option_coloractive": "#2FC89B"
                            },
                            "elements": [],
                            "isInner": false,
                            "widgetType": "mf-select",
                            "elType": "widget"
                        }
                    ],
                    "isInner": false,
                    "elType": "column"
                },
                {
                    "id": "28cfe6d2",
                    "settings": {
                        "_column_size": 25,
                        "_inline_size": 24.199999999999999289457264239899814128875732421875,
                        "margin": {
                            "unit": "px",
                            "top": "0",
                            "right": "0",
                            "bottom": "0",
                            "left": "0",
                            "isLinked": false
                        },
                        "padding": {
                            "unit": "px",
                            "top": "0",
                            "right": "25",
                            "bottom": "0",
                            "left": "25",
                            "isLinked": false
                        },
                        "padding_tablet": {
                            "unit": "px",
                            "top": "0",
                            "right": "10",
                            "bottom": "0",
                            "left": "10",
                            "isLinked": false
                        },
                        "_inline_size_mobile": 50,
                        "border_border": "solid",
                        "border_width": {
                            "unit": "px",
                            "top": "0",
                            "right": "0",
                            "bottom": "0",
                            "left": "0",
                            "isLinked": true
                        },
                        "border_width_tablet": {
                            "unit": "px",
                            "top": "0",
                            "right": "0",
                            "bottom": "0",
                            "left": "0",
                            "isLinked": true
                        },
                        "border_width_mobile": {
                            "unit": "px",
                            "top": "0",
                            "right": "1",
                            "bottom": "0",
                            "left": "0",
                            "isLinked": false
                        },
                        "padding_mobile": {
                            "unit": "px",
                            "top": "0",
                            "right": "20",
                            "bottom": "0",
                            "left": "10",
                            "isLinked": false
                        },
                        "__globals__": {
                            "border_color": "globals\/colors?id=44cb095"
                        }
                    },
                    "elements": [
                        {
                            "id": "4ff1c9b4",
                            "settings": {
                                "mf_input_label": "Average Price",
                                "mf_input_name": "mf-select",
                                "mf_input_placeholder": "",
                                "mf_input_list": [
                                    {
                                        "mf_input_option_text": "$5000-$10000",
                                        "mf_input_option_value": "value-1",
                                        "_id": "a2d015d",
                                        "mf_input_option_selected": "selected"
                                    },
                                    {
                                        "mf_input_option_text": "$2000-$5000",
                                        "mf_input_option_value": "value-2",
                                        "_id": "3aa2476"
                                    },
                                    {
                                        "mf_input_option_text": "$1000-$3000",
                                        "mf_input_option_value": "value-3",
                                        "_id": "304c115"
                                    }
                                ],
                                "mf_input_validation_warning_message": "This field is required.",
                                "mf_input_padding": {
                                    "unit": "px",
                                    "top": "5",
                                    "right": "0",
                                    "bottom": "0",
                                    "left": "0",
                                    "isLinked": false
                                },
                                "mf_input_background_background": "classic",
                                "mf_input_border_border": "solid",
                                "mf_input_border_width": {
                                    "unit": "px",
                                    "top": "0",
                                    "right": "0",
                                    "bottom": "0",
                                    "left": "0",
                                    "isLinked": true
                                },
                                "mf_select_options_border_border": "solid",
                                "mf_select_options_border_width": {
                                    "unit": "px",
                                    "top": "0",
                                    "right": "0",
                                    "bottom": "0",
                                    "left": "0",
                                    "isLinked": true
                                },
                                "mf_select_options_box_shadow_box_shadow_type": "yes",
                                "mf_select_options_box_shadow_box_shadow": {
                                    "horizontal": 0,
                                    "vertical": 0,
                                    "blur": 40,
                                    "spread": 0,
                                    "color": "rgba(0, 0, 0, 0.15)"
                                },
                                "mf_option_padding": {
                                    "unit": "px",
                                    "top": "10",
                                    "right": "0",
                                    "bottom": "10",
                                    "left": "10",
                                    "isLinked": false
                                },
                                "mf_option_margin": {
                                    "unit": "px",
                                    "top": "0",
                                    "right": "0",
                                    "bottom": "0",
                                    "left": "0",
                                    "isLinked": false
                                },
                                "mf_select_option_border_border": "solid",
                                "mf_select_option_border_width": {
                                    "unit": "px",
                                    "top": "0",
                                    "right": "0",
                                    "bottom": "0",
                                    "left": "0",
                                    "isLinked": true
                                },
                                "mf_select_option_backgroundnormal_background": "classic",
                                "mf_select_option_backgroundhover_background": "classic",
                                "__globals__": {
                                    "mf_input_label_typography_typography": "globals\/typography?id=191eab2",
                                    "mf_input_background_color": "globals\/colors?id=c9486ac",
                                    "mf_input_typgraphy_typography": "globals\/typography?id=dba2004",
                                    "mf_input_color": "globals\/colors?id=text",
                                    "mf_select_option_colornormal": "globals\/colors?id=primary",
                                    "mf_select_option_backgroundnormal_color": "globals\/colors?id=c9486ac",
                                    "mf_select_option_colorhover": "globals\/colors?id=accent",
                                    "mf_select_option_coloractive": "globals\/colors?id=accent",
                                    "mf_select_option_backgroundhover_color": "globals\/colors?id=c9486ac",
                                    "mf_input_color_hover": "globals\/colors?id=accent",
                                    "mf_input_placeholder_color": "globals\/colors?id=text"
                                },
                                "_margin": {
                                    "unit": "px",
                                    "top": "0",
                                    "right": "0",
                                    "bottom": "0",
                                    "left": "0",
                                    "isLinked": false
                                },
                                "_padding": {
                                    "unit": "px",
                                    "top": "0",
                                    "right": "0",
                                    "bottom": "0",
                                    "left": "0",
                                    "isLinked": false
                                },
                                "mf_input_padding_mobile": {
                                    "unit": "px",
                                    "top": "2",
                                    "right": "0",
                                    "bottom": "0",
                                    "left": "0",
                                    "isLinked": false
                                },
                                "mf_input_color": "#62708A",
                                "mf_input_background_color": "#FFFFFF",
                                "mf_input_color_hover": "#2FC89B",
                                "mf_input_typgraphy_typography": "custom",
                                "mf_input_typgraphy_font_family": "Roboto",
                                "mf_input_typgraphy_font_size": {
                                    "unit": "px",
                                    "size": 16,
                                    "sizes": []
                                },
                                "mf_input_typgraphy_font_size_tablet": {
                                    "unit": "px",
                                    "size": 14,
                                    "sizes": []
                                },
                                "mf_input_typgraphy_font_size_mobile": {
                                    "unit": "px",
                                    "size": 14,
                                    "sizes": []
                                },
                                "mf_input_typgraphy_font_weight": "400",
                                "mf_input_typgraphy_line_height": {
                                    "unit": "em",
                                    "size": 1.5,
                                    "sizes": []
                                },
                                "mf_input_typgraphy_line_height_tablet": {
                                    "unit": "em",
                                    "size": 1.5,
                                    "sizes": []
                                },
                                "mf_input_typgraphy_line_height_mobile": {
                                    "unit": "em",
                                    "size": 1.5,
                                    "sizes": []
                                },
                                "mf_input_typgraphy_word_spacing": {
                                    "unit": "em",
                                    "size": "",
                                    "sizes": []
                                },
                                "mf_option_padding_mobile": {
                                    "unit": "px",
                                    "top": "5",
                                    "right": "5",
                                    "bottom": "5",
                                    "left": "5",
                                    "isLinked": true
                                },
                                "mf_select_option_colornormal": "#2B3546",
                                "mf_select_option_backgroundnormal_color": "#FFFFFF",
                                "mf_select_option_colorhover": "#2FC89B",
                                "mf_select_option_backgroundhover_color": "#FFFFFF",
                                "mf_select_option_coloractive": "#2FC89B"
                            },
                            "elements": [],
                            "isInner": false,
                            "widgetType": "mf-select",
                            "elType": "widget"
                        }
                    ],
                    "isInner": false,
                    "elType": "column"
                },
                {
                    "id": "1e34401",
                    "settings": {
                        "_column_size": 25,
                        "_inline_size": 30.10000000000000142108547152020037174224853515625,
                        "content_position": "center",
                        "margin": {
                            "unit": "px",
                            "top": "0",
                            "right": "25",
                            "bottom": "0",
                            "left": "0",
                            "isLinked": false
                        },
                        "padding": {
                            "unit": "px",
                            "top": "0",
                            "right": "0",
                            "bottom": "0",
                            "left": "0",
                            "isLinked": false
                        },
                        "_inline_size_mobile": 50,
                        "align_mobile": "flex-start",
                        "margin_mobile": {
                            "unit": "px",
                            "top": "0",
                            "right": "25",
                            "bottom": "0",
                            "left": "15",
                            "isLinked": false
                        }
                    },
                    "elements": [
                        {
                            "id": "389cf89c",
                            "settings": {
                                "mf_btn_text": "Request Info",
                                "mf_hidden_input": [],
                                "mf_btn_text_padding": {
                                    "unit": "px",
                                    "top": "20",
                                    "right": "45",
                                    "bottom": "20",
                                    "left": "45",
                                    "isLinked": false
                                },
                                "mf_btn_bg_color_background": "classic",
                                "mf_btn_bg_hover_color_background": "classic",
                                "mf_btn_border_radius": {
                                    "unit": "px",
                                    "top": "26.5",
                                    "right": "26.5",
                                    "bottom": "26.5",
                                    "left": "26.5",
                                    "isLinked": true
                                },
                                "mf_btn_box_shadow_group_box_shadow_type": "yes",
                                "mf_btn_box_shadow_group_box_shadow": {
                                    "horizontal": 0,
                                    "vertical": 0,
                                    "blur": 0,
                                    "spread": 0,
                                    "color": "rgba(0,0,0,0.5)"
                                },
                                "__globals__": {
                                    "mf_btn_bg_color_color": "globals\/colors?id=accent",
                                    "mf_btn_bg_hover_color_color": "globals\/colors?id=secondary",
                                    "mf_btn_typography_typography": "globals\/typography?id=accent"
                                },
                                "mf_btn_align": "right",
                                "mf_btn_text_padding_tablet": {
                                    "unit": "px",
                                    "top": "15",
                                    "right": "32",
                                    "bottom": "15",
                                    "left": "32",
                                    "isLinked": false
                                },
                                "mf_btn_text_padding_mobile": {
                                    "unit": "px",
                                    "top": "13",
                                    "right": "23",
                                    "bottom": "13",
                                    "left": "23",
                                    "isLinked": false
                                },
                                "_element_width_mobile": "auto"
                            },
                            "elements": [],
                            "isInner": false,
                            "widgetType": "mf-button",
                            "elType": "widget"
                        }
                    ],
                    "isInner": false,
                    "elType": "column"
                }
            ],
            "isInner": false,
            "elType": "section"
        }
    ],
    "page_settings": {
        "hide_title": "yes",
        "template": "elementor_canvas"
    }
}